date,revenue,orders,customers,units
2009-12-01,51430.92,115,87,25483
2009-12-02,61047.85,115,94,31415
2009-12-03,70328.72,121,106,47618
2009-12-04,38946.04,88,76,21024
2009-12-05,9518.43,30,26,4845
2009-12-06,24032.22,74,63,11451
2009-12-07,42663.43,101,77,17794
2009-12-08,47745.65,105,88,22819
2009-12-09,38277.78,87,74,17699
2009-12-10,40907.08,90,81,22382
2009-12-11,38913.98,69,57,21032
2009-12-12,0.0,0,0,0
2009-12-13,21800.46,70,63,12474
2009-12-14,69286.73,86,67,45146
2009-12-15,49280.91,97,88,26867
2009-12-16,49853.72,97,81,24803
2009-12-17,29498.75,103,76,15301
2009-12-18,39932.22,65,54,17229
2009-12-19,0.0,0,0,0
2009-12-20,11169.24,34,31,6205
2009-12-21,15781.16,40,29,8532
2009-12-22,24883.28,45,16,14408
2009-12-23,10608.45,22,12,4574
2009-12-24,0.0,0,0,0
2009-12-25,0.0,0,0,0
2009-12-26,0.0,0,0,0
2009-12-27,0.0,0,0,0
2009-12-28,0.0,0,0,0
2009-12-29,0.0,0,0,0
2009-12-30,0.0,0,0,0
2009-12-31,0.0,0,0,0
2010-01-01,0.0,0,0,0
2010-01-02,0.0,0,0,0
2010-01-03,0.0,0,0,0
2010-01-04,12739.82,27,21,10271
2010-01-05,18953.34,36,31,11273
2010-01-06,8588.7,14,13,7430
2010-01-07,71298.76,44,39,39583
2010-01-08,28139.01,42,40,12657
2010-01-09,0.0,0,0,0
2010-01-10,23262.25,34,29,13343
2010-01-11,33904.75,54,36,13846
2010-01-12,40083.07,38,31,21225
2010-01-13,19703.93,28,23,8718
2010-01-14,29834.35,54,44,13538
2010-01-15,13286.25,44,36,8381
2010-01-16,0.0,0,0,0
2010-01-17,16731.04,40,35,9512
2010-01-18,20172.78,40,32,10313
2010-01-19,31070.57,45,40,14967
2010-01-20,16503.0,35,30,8939
2010-01-21,26926.28,47,46,72647
2010-01-22,33606.47,42,37,18309
2010-01-23,0.0,0,0,0
2010-01-24,15646.8,49,47,8771
2010-01-25,22181.170000000002,57,44,9994
2010-01-26,37620.74,56,45,22820
2010-01-27,27756.81,56,47,17799
2010-01-28,19734.32,55,47,11217
2010-01-29,18627.06,47,37,10103
2010-01-30,0.0,0,0,0
2010-01-31,18121.15,53,47,10670
2010-02-01,17340.33,62,48,8785
2010-02-02,20820.62,44,33,11014
2010-02-03,20581.46,49,41,10226
2010-02-04,21854.22,61,51,12429
2010-02-05,20821.51,39,34,10110
2010-02-06,0.0,0,0,0
2010-02-07,16755.94,30,29,11150
2010-02-08,15712.58,57,45,8527
2010-02-09,18483.64,53,50,10807
2010-02-10,8745.06,31,24,3713
2010-02-11,14723.27,56,48,8982
2010-02-12,10730.79,32,27,7521
2010-02-13,0.0,0,0,0
2010-02-14,17509.74,45,38,10798
2010-02-15,36757.22,42,34,93541
2010-02-16,30336.08,61,51,16689
2010-02-17,25790.17,48,41,24674
2010-02-18,35263.39,63,58,19430
2010-02-19,25685.32,57,30,12460
2010-02-20,0.0,0,0,0
2010-02-21,11054.73,36,34,5288
2010-02-22,26233.23,48,41,13370
2010-02-23,21905.4,45,40,11623
2010-02-24,32513.04,62,47,22384
2010-02-25,45716.57,66,54,26011
2010-02-26,15235.53,35,26,6882
2010-02-27,0.0,0,0,0
2010-02-28,16588.54,53,50,8399
2010-03-01,25146.47,58,49,21357
2010-03-02,25312.25,54,47,11790
2010-03-03,33198.4,62,52,20054
2010-03-04,30710.5,72,65,17924
2010-03-05,26573.69,81,55,18152
2010-03-06,0.0,0,0,0
2010-03-07,18977.55,56,46,10761
2010-03-08,35685.58,75,65,15515
2010-03-09,21158.6,54,49,12064
2010-03-10,26202.83,60,46,17759
2010-03-11,23896.46,48,39,14170
2010-03-12,21200.74,36,30,11006
2010-03-13,0.0,0,0,0
2010-03-14,8912.3,24,22,4884
2010-03-15,26122.1,55,40,14902
2010-03-16,22985.4,45,42,12479
2010-03-17,30162.53,48,40,78744
2010-03-18,39435.25,84,70,23484
2010-03-19,22670.9,53,44,12600
2010-03-20,0.0,0,0,0
2010-03-21,20345.03,56,51,12216
2010-03-22,24610.72,56,49,12712
2010-03-23,32148.36,67,57,54413
2010-03-24,27653.25,66,57,14054
2010-03-25,31501.09,79,66,16872
2010-03-26,31666.19,61,48,20767
2010-03-27,0.0,0,0,0
2010-03-28,21956.52,58,55,14343
2010-03-29,58518.020000000004,84,40,24667
2010-03-30,37371.15,70,54,19088
2010-03-31,28433.28,75,59,13521
2010-04-01,29616.72,77,71,17059
2010-04-02,0.0,0,0,0
2010-04-03,0.0,0,0,0
2010-04-04,0.0,0,0,0
2010-04-05,0.0,0,0,0
2010-04-06,19021.68,54,45,12980
2010-04-07,33244.31,61,46,21562
2010-04-08,45075.22,84,68,26122
2010-04-09,15926.66,51,33,8966
2010-04-10,0.0,0,0,0
2010-04-11,18226.6,42,40,11050
2010-04-12,25763.32,43,35,12611
2010-04-13,25704.98,51,43,14419
2010-04-14,26635.24,44,38,16129
2010-04-15,18802.79,61,55,10577
2010-04-16,18804.1,41,36,14722
2010-04-17,0.0,0,0,0
2010-04-18,23444.31,54,43,12822
2010-04-19,43279.58,74,44,19221
2010-04-20,23923.84,66,52,13231
2010-04-21,27043.91,64,50,13211
2010-04-22,37007.26,77,67,21538
2010-04-23,16050.39,56,43,10099
2010-04-24,0.0,0,0,0
2010-04-25,16012.03,46,44,8262
2010-04-26,34083.99,98,66,19151
2010-04-27,45760.14,79,63,23318
2010-04-28,31843.47,73,62,19310
2010-04-29,32016.44,84,71,16916
2010-04-30,20382.64,47,36,11107
2010-05-01,0.0,0,0,0
2010-05-02,12244.13,40,39,6282
2010-05-03,0.0,0,0,0
2010-05-04,21471.920000000002,51,43,11170
2010-05-05,26794.32,80,56,15325
2010-05-06,52632.7,82,67,30968
2010-05-07,35305.78,66,48,23121
2010-05-08,0.0,0,0,0
2010-05-09,22234.09,62,52,11601
2010-05-10,30357.5,75,64,15310
2010-05-11,27849.66,65,59,18057
2010-05-12,30879.35,64,50,21603
2010-05-13,28362.52,64,58,18016
2010-05-14,17590.15,45,34,13096
2010-05-15,0.0,0,0,0
2010-05-16,18292.34,44,38,10990
2010-05-17,24936.81,47,40,13728
2010-05-18,28256.18,63,50,22365
2010-05-19,17287.37,60,55,9416
2010-05-20,25230.09,67,57,15468
2010-05-21,26551.94,51,38,10054
2010-05-22,0.0,0,0,0
2010-05-23,24397.3,49,41,13714
2010-05-24,35066.04,70,60,32581
2010-05-25,21486.95,58,50,14482
2010-05-26,34496.86,92,62,18784
2010-05-27,30165.2,86,76,17721
2010-05-28,20368.41,56,43,11758
2010-05-29,0.0,0,0,0
2010-05-30,10596.37,32,30,6177
2010-05-31,0.0,0,0,0
2010-06-01,15436.51,46,33,8269
2010-06-02,15860.44,45,37,11758
2010-06-03,29099.24,66,51,17439
2010-06-04,20079.38,49,27,8115
2010-06-05,0.0,0,0,0
2010-06-06,25290.45,68,62,14036
2010-06-07,44499.83,102,81,26461
2010-06-08,51033.14,76,59,25718
2010-06-09,37995.75,68,59,25381
2010-06-10,17930.39,62,54,9669
2010-06-11,32392.78,78,64,20903
2010-06-12,0.0,0,0,0
2010-06-13,21279.49,70,61,11080
2010-06-14,23519.62,57,48,15696
2010-06-15,29765.43,51,41,19432
2010-06-16,30464.76,79,63,18870
2010-06-17,23719.66,73,60,13167
2010-06-18,17829.98,49,43,9389
2010-06-19,0.0,0,0,0
2010-06-20,8996.43,26,26,4481
2010-06-21,20861.42,44,40,11999
2010-06-22,14229.25,42,35,6955
2010-06-23,27312.7,67,53,16153
2010-06-24,23505.55,70,40,11203
2010-06-25,16844.79,42,34,7903
2010-06-26,0.0,0,0,0
2010-06-27,18219.57,55,52,10790
2010-06-28,51339.69,69,63,33358
2010-06-29,33685.87,70,56,20766
2010-06-30,33703.25,78,67,20811
2010-07-01,29232.19,83,78,16253
2010-07-02,16474.02,44,36,8648
2010-07-03,0.0,0,0,0
2010-07-04,10351.4,21,20,5299
2010-07-05,32262.670000000002,84,64,16563
2010-07-06,22924.29,58,47,11915
2010-07-07,30523.0,75,55,14506
2010-07-08,18789.52,69,58,11542
2010-07-09,32888.71,29,23,13683
2010-07-10,0.0,0,0,0
2010-07-11,7747.35,28,24,5798
2010-07-12,19040.76,48,37,9608
2010-07-13,18672.41,53,38,9437
2010-07-14,23179.63,60,46,13343
2010-07-15,56130.69,78,62,27722
2010-07-16,22242.1,66,55,14289
2010-07-17,0.0,0,0,0
2010-07-18,14884.89,39,36,9609
2010-07-19,29730.670000000002,58,54,18341
2010-07-20,23822.3,56,47,11692
2010-07-21,21725.99,54,42,13154
2010-07-22,24088.84,74,56,12276
2010-07-23,25220.2,47,37,13296
2010-07-24,0.0,0,0,0
2010-07-25,16568.96,52,49,11473
2010-07-26,23618.22,61,47,14972
2010-07-27,26652.77,69,56,13622
2010-07-28,22662.75,64,59,12613
2010-07-29,33183.55,68,58,13518
2010-07-30,15184.289999999999,48,34,8242
2010-07-31,0.0,0,0,0
2010-08-01,30383.15,30,26,9637
2010-08-02,26648.55,62,49,11787
2010-08-03,24978.66,56,46,16275
2010-08-04,20242.45,51,46,11718
2010-08-05,22746.48,53,47,16446
2010-08-06,14998.36,44,30,9870
2010-08-07,0.0,0,0,0
2010-08-08,13887.11,44,41,8108
2010-08-09,19636.48,51,41,13406
2010-08-10,33981.65,43,32,20017
2010-08-11,19897.43,43,34,8166
2010-08-12,27896.2,79,55,18086
2010-08-13,36660.96,54,34,18099
2010-08-14,0.0,0,0,0
2010-08-15,21765.13,57,51,17306
2010-08-16,20165.56,38,32,11053
2010-08-17,29983.06,45,40,18319
2010-08-18,36780.36,57,47,22832
2010-08-19,31987.85,77,55,22367
2010-08-20,24440.45,57,48,18859
2010-08-21,0.0,0,0,0
2010-08-22,21700.170000000002,60,51,12983
2010-08-23,21643.55,45,37,13237
2010-08-24,26833.95,59,51,18509
2010-08-25,30607.43,75,62,17458
2010-08-26,34269.82,78,62,17455
2010-08-27,15045.99,34,29,7312
2010-08-28,0.0,0,0,0
2010-08-29,14388.1,39,36,8750
2010-08-30,0.0,0,0,0
2010-08-31,33075.36,61,47,14072
2010-09-01,22840.17,42,35,12897
2010-09-02,34037.15,84,74,21639
2010-09-03,36764.07,59,48,31145
2010-09-04,0.0,0,0,0
2010-09-05,12145.01,35,35,7211
2010-09-06,27590.2,53,41,16117
2010-09-07,27085.1,51,45,15684
2010-09-08,17075.63,46,43,10160
2010-09-09,23725.37,62,57,12515
2010-09-10,16560.09,44,36,10040
2010-09-11,0.0,0,0,0
2010-09-12,15520.5,48,46,9273
2010-09-13,37228.62,86,52,28377
2010-09-14,20525.09,61,56,11314
2010-09-15,33994.43,64,59,21255
2010-09-16,26487.69,65,50,14316
2010-09-17,20497.82,50,40,11741
2010-09-18,0.0,0,0,0
2010-09-19,21987.36,59,54,13303
2010-09-20,41186.51,75,57,24822
2010-09-21,59252.44,101,75,35755
2010-09-22,29552.989999999998,82,39,14523
2010-09-23,35301.98,84,71,20658
2010-09-24,46601.22,59,44,26927
2010-09-25,0.0,0,0,0
2010-09-26,21329.25,65,51,12646
2010-09-27,98303.12,85,65,122489
2010-09-28,44975.69,122,86,23456
2010-09-29,37013.41,97,83,20678
2010-09-30,45569.37,89,72,24771
2010-10-01,36336.25,69,55,21935
2010-10-02,0.0,0,0,0
2010-10-03,38189.56,76,64,20308
2010-10-04,38266.58,84,72,23459
2010-10-05,54230.11,117,98,34721
2010-10-06,30394.31,61,57,21818
2010-10-07,51444.49,112,89,29787
2010-10-08,57644.25,75,58,41057
2010-10-09,0.0,0,0,0
2010-10-10,22784.01,68,59,12351
2010-10-11,42598.03,90,78,24865
2010-10-12,48613.14,109,93,29187
2010-10-13,52301.92,83,74,39851
2010-10-14,81310.02,96,79,34290
2010-10-15,43312.68,107,78,22122
2010-10-16,0.0,0,0,0
2010-10-17,32579.64,70,62,18782
2010-10-18,39550.95,101,88,19458
2010-10-19,45070.9,74,63,24919
2010-10-20,42551.88,104,88,23237
2010-10-21,38171.49,92,73,17651
2010-10-22,39231.57,87,67,23067
2010-10-23,0.0,0,0,0
2010-10-24,28407.04,83,74,15421
2010-10-25,28836.55,72,62,14447
2010-10-26,44993.71,103,85,25879
2010-10-27,31818.18,70,64,16139
2010-10-28,23075.96,60,50,11483
2010-10-29,46028.96,82,62,25410
2010-10-30,0.0,0,0,0
2010-10-31,28444.56,82,78,15958
2010-11-01,26660.02,59,46,13991
2010-11-02,44102.96,89,79,24067
2010-11-03,43532.34,86,74,22980
2010-11-04,72005.99,130,102,50151
2010-11-05,45519.95,73,57,22392
2010-11-06,0.0,0,0,0
2010-11-07,31121.96,82,75,18237
2010-11-08,83010.17,79,65,32338
2010-11-09,64276.1,119,99,35127
2010-11-10,78823.66,129,100,35065
2010-11-11,62335.61,125,98,33771
2010-11-12,48727.03,109,80,23109
2010-11-13,0.0,0,0,0
2010-11-14,28551.11,89,75,14869
2010-11-15,102707.38,101,82,37611
2010-11-16,70045.8,106,94,38720
2010-11-17,50238.24,116,96,27764
2010-11-18,43625.27,104,91,21250
2010-11-19,44692.32,105,87,25084
2010-11-20,0.0,0,0,0
2010-11-21,31195.62,96,89,17651
2010-11-22,40950.06,91,79,19491
2010-11-23,53988.42,130,110,24945
2010-11-24,60020.22,133,104,28674
2010-11-25,70929.59,151,132,37817
2010-11-26,38603.99,83,71,17258
2010-11-27,0.0,0,0,0
2010-11-28,26427.96,90,82,16217
2010-11-29,76625.37,106,88,39813
2010-11-30,59159.11,121,99,26371
2010-12-01,57161.63,127,95,26576
2010-12-02,47426.07,141,98,31231
2010-12-03,44370.5,68,50,16060
2010-12-04,0.0,0,0,0
2010-12-05,30647.07,87,75,16099
2010-12-06,51071.6,100,81,21342
2010-12-07,81368.44,82,65,25123
2010-12-08,43982.93,116,99,22804
2010-12-09,49637.99,106,90,19613
2010-12-10,55213.84,75,53,20354
2010-12-11,0.0,0,0,0
2010-12-12,16999.15,43,41,10493
2010-12-13,36540.32,69,58,17689
2010-12-14,44208.16,89,72,20223
2010-12-15,30130.87,73,66,18293
2010-12-16,47382.17,120,97,29144
2010-12-17,40116.14,66,51,16271
2010-12-18,0.0,0,0,0
2010-12-19,7265.17,23,17,3723
2010-12-20,25423.12,61,41,14873
2010-12-21,43553.41,54,23,15556
2010-12-22,4856.57,16,13,3076
2010-12-23,11084.94,27,15,5675
2010-12-24,0.0,0,0,0
2010-12-25,0.0,0,0,0
2010-12-26,0.0,0,0,0
2010-12-27,0.0,0,0,0
2010-12-28,0.0,0,0,0
2010-12-29,0.0,0,0,0
2010-12-30,0.0,0,0,0
2010-12-31,0.0,0,0,0
2011-01-01,0.0,0,0,0
2011-01-02,0.0,0,0,0
2011-01-03,0.0,0,0,0
2011-01-04,15291.33,36,34,8612
2011-01-05,31863.82,55,45,19734
2011-01-06,37944.89,50,45,21791
2011-01-07,27492.37,52,44,17103
2011-01-08,0.0,0,0,0
2011-01-09,15352.710000000001,48,48,8069
2011-01-10,22978.89,39,32,12841
2011-01-11,48013.729999999996,54,44,20630
2011-01-12,23102.9,44,41,10483
2011-01-13,18993.17,44,41,9752
2011-01-14,43209.96,47,37,22214
2011-01-15,0.0,0,0,0
2011-01-16,6912.09,24,22,4064
2011-01-17,27612.32,50,44,13322
2011-01-18,17112.88,39,29,8691
2011-01-19,24916.3,35,33,17197
2011-01-20,20369.95,38,30,10451
2011-01-21,31481.6,38,31,15285
2011-01-22,0.0,0,0,0
2011-01-23,10197.25,27,27,5193
2011-01-24,24091.85,52,42,11794
2011-01-25,28041.85,66,56,15510
2011-01-26,18333.02,55,48,10877
2011-01-27,23087.27,51,49,11220
2011-01-28,19596.86,40,36,9824
2011-01-29,0.0,0,0,0
2011-01-30,6515.71,24,22,3379
2011-01-31,22038.44,60,49,13082
2011-02-01,28326.73,62,56,15738
2011-02-02,20080.54,62,54,9684
2011-02-03,22896.5,45,43,15674
2011-02-04,23307.07,52,41,12547
2011-02-05,0.0,0,0,0
2011-02-06,3261.35,11,11,1952
2011-02-07,25370.02,41,35,9070
2011-02-08,19752.77,45,37,10042
2011-02-09,15509.53,29,22,7120
2011-02-10,14553.34,41,39,11867
2011-02-11,22364.1,45,34,10510
2011-02-12,0.0,0,0,0
2011-02-13,5503.33,19,19,2696
2011-02-14,26202.48,42,36,13557
2011-02-15,39011.94,58,47,22542
2011-02-16,24554.23,63,56,16082
2011-02-17,24585.73,67,49,14306
2011-02-18,15817.85,37,32,9134
2011-02-19,0.0,0,0,0
2011-02-20,9395.5,26,26,5208
2011-02-21,35196.49,37,31,21469
2011-02-22,31714.02,51,46,21798
2011-02-23,25570.51,63,49,13690
2011-02-24,22495.83,55,52,11864
2011-02-25,20093.16,49,42,10547
2011-02-26,0.0,0,0,0
2011-02-27,9352.81,33,31,4820
2011-02-28,19674.33,55,49,9774
2011-03-01,24019.21,59,51,12053
2011-03-02,16946.84,42,39,8432
2011-03-03,35348.2,49,46,19818
2011-03-04,18922.06,49,38,13435
2011-03-05,0.0,0,0,0
2011-03-06,9897.87,27,24,5006
2011-03-07,30892.36,67,48,13975
2011-03-08,24338.25,48,41,14246
2011-03-09,21493.42,53,47,11797
2011-03-10,25800.78,56,46,15530
2011-03-11,20984.07,49,39,10317
2011-03-12,0.0,0,0,0
2011-03-13,4058.64,16,16,2704
2011-03-14,25600.48,50,41,16716
2011-03-15,19453.12,51,40,8813
2011-03-16,20739.47,51,46,12485
2011-03-17,38240.61,62,51,20889
2011-03-18,26318.73,63,48,13634
2011-03-19,0.0,0,0,0
2011-03-20,21327.64,60,56,13984
2011-03-21,16601.97,53,47,10284
2011-03-22,29667.53,52,40,16499
2011-03-23,22928.43,62,54,14336
2011-03-24,35590.65,67,62,17955
2011-03-25,30159.62,55,44,14015
2011-03-26,0.0,0,0,0
2011-03-27,9028.87,32,31,4483
2011-03-28,21861.42,59,52,12131
2011-03-29,68763.91,62,46,32641
2011-03-30,30728.3,75,63,20513
2011-03-31,31539.91,64,56,16562
2011-04-01,24454.77,73,57,18357
2011-04-02,0.0,0,0,0
2011-04-03,6872.23,20,18,5653
2011-04-04,25324.35,53,45,13429
2011-04-05,28691.239999999998,51,44,15555
2011-04-06,17077.67,40,36,9123
2011-04-07,17992.82,64,57,10488
2011-04-08,22801.57,70,62,12938
2011-04-09,0.0,0,0,0
2011-04-10,9270.35,32,31,5494
2011-04-11,21946.63,62,54,13581
2011-04-12,25115.21,60,52,15283
2011-04-13,24321.68,59,53,18734
2011-04-14,35354.92,86,75,18630
2011-04-15,25868.04,55,39,12564
2011-04-16,0.0,0,0,0
2011-04-17,12424.39,42,39,7882
2011-04-18,54861.02,67,55,29771
2011-04-19,22977.59,59,52,14359
2011-04-20,28297.13,62,57,18122
2011-04-21,30872.48,76,63,18017
2011-04-22,0.0,0,0,0
2011-04-23,0.0,0,0,0
2011-04-24,0.0,0,0,0
2011-04-25,0.0,0,0,0
2011-04-26,29476.73,71,55,16115
2011-04-27,25324.59,64,55,18130
2011-04-28,21596.05,58,49,13367
2011-04-29,0.0,0,0,0
2011-04-30,0.0,0,0,0
2011-05-01,6814.11,18,18,3806
2011-05-02,0.0,0,0,0
2011-05-03,25591.63,64,49,11937
2011-05-04,26962.78,65,55,17235
2011-05-05,28336.7,87,74,17018
2011-05-06,35165.340000000004,81,63,19668
2011-05-07,0.0,0,0,0
2011-05-08,18456.55,63,58,10572
2011-05-09,26909.26,71,59,13332
2011-05-10,43705.37,94,61,19713
2011-05-11,32646.32,79,55,18354
2011-05-12,60005.47,84,68,37676
2011-05-13,30341.2,73,52,15202
2011-05-14,0.0,0,0,0
2011-05-15,9765.33,31,29,4870
2011-05-16,38832.68,66,50,15946
2011-05-17,52477.94,78,54,26671
2011-05-18,33191.56,73,62,18242
2011-05-19,34267.57,98,82,18074
2011-05-20,25576.42,71,58,15041
2011-05-21,0.0,0,0,0
2011-05-22,23737.1,61,57,12604
2011-05-23,30487.3,64,54,18130
2011-05-24,36792.32,68,53,15885
2011-05-25,23572.33,65,52,12959
2011-05-26,32947.67,63,50,16230
2011-05-27,27519.06,64,49,16170
2011-05-28,0.0,0,0,0
2011-05-29,7048.52,23,20,4022
2011-05-30,0.0,0,0,0
2011-05-31,21813.6,54,48,11691
2011-06-01,19765.04,42,35,10853
2011-06-02,31521.14,51,33,14347
2011-06-03,16508.77,44,37,7629
2011-06-04,0.0,0,0,0
2011-06-05,24766.46,66,62,13334
2011-06-06,16868.02,55,53,9213
2011-06-07,36725.11,77,68,18435
2011-06-08,40041.76,99,71,20833
2011-06-09,44606.17,85,76,28061
2011-06-10,61264.280000000006,49,41,10575
2011-06-11,0.0,0,0,0
2011-06-12,11457.69,39,38,7929
2011-06-13,21413.73,59,49,11210
2011-06-14,39977.19,56,41,14583
2011-06-15,47583.43,59,42,30149
2011-06-16,33723.24,81,72,20214
2011-06-17,20891.59,51,34,11718
2011-06-18,0.0,0,0,0
2011-06-19,22036.22,60,57,14894
2011-06-20,32281.63,72,48,16448
2011-06-21,23975.87,54,44,14058
2011-06-22,20486.71,58,54,15764
2011-06-23,24540.44,71,64,14651
2011-06-24,18337.27,50,40,9965
2011-06-25,0.0,0,0,0
2011-06-26,6829.16,26,24,3750
2011-06-27,16154.44,45,31,9887
2011-06-28,34195.39,53,40,21740
2011-06-29,21194.21,42,36,12061
2011-06-30,41574.35,69,55,19546
2011-07-01,12847.36,48,35,7279
2011-07-02,0.0,0,0,0
2011-07-03,5937.83,25,24,3077
2011-07-04,42079.8,50,30,15553
2011-07-05,38264.71,73,58,21841
2011-07-06,25564.31,70,61,19096
2011-07-07,31468.88,75,66,19089
2011-07-08,25334.67,64,42,12614
2011-07-09,0.0,0,0,0
2011-07-10,5752.93,24,20,4040
2011-07-11,21938.13,52,43,15030
2011-07-12,25086.18,52,40,13886
2011-07-13,21725.89,58,49,16197
2011-07-14,32305.56,70,61,17328
2011-07-15,13614.19,40,33,7283
2011-07-16,0.0,0,0,0
2011-07-17,17041.76,51,45,10992
2011-07-18,27932.46,57,44,14988
2011-07-19,49272.47,63,55,29005
2011-07-20,30623.46,55,45,17273
2011-07-21,31641.5,76,59,19806
2011-07-22,19436.09,43,34,10196
2011-07-23,0.0,0,0,0
2011-07-24,26584.05,58,53,17502
2011-07-25,25351.13,58,49,16062
2011-07-26,21198.82,51,43,13681
2011-07-27,25027.46,48,39,13919
2011-07-28,51910.49,79,67,28695
2011-07-29,18411.57,64,57,11512
2011-07-30,0.0,0,0,0
2011-07-31,32345.01,41,36,19216
2011-08-01,20778.21,39,34,11643
2011-08-02,26077.2,44,39,15687
2011-08-03,27776.35,63,58,16450
2011-08-04,64154.45,81,75,40656
2011-08-05,20643.47,55,47,12583
2011-08-06,0.0,0,0,0
2011-08-07,7474.49,29,28,5098
2011-08-08,22736.29,39,37,13318
2011-08-09,27325.11,40,37,16250
2011-08-10,27889.56,49,42,14351
2011-08-11,64917.4,67,57,39189
2011-08-12,20437.81,50,40,11952
2011-08-13,0.0,0,0,0
2011-08-14,5605.32,24,20,3167
2011-08-15,17057.34,48,46,10141
2011-08-16,19033.61,51,43,11106
2011-08-17,51022.96,54,45,25360
2011-08-18,53445.65,68,63,33783
2011-08-19,16806.87,54,53,10585
2011-08-20,0.0,0,0,0
2011-08-21,14198.47,39,36,8064
2011-08-22,29309.11,65,57,15436
2011-08-23,25526.170000000002,59,54,15139
2011-08-24,45601.02,76,59,28940
2011-08-25,22689.23,73,68,13289
2011-08-26,25229.61,45,40,17084
2011-08-27,0.0,0,0,0
2011-08-28,10676.61,37,36,6698
2011-08-29,0.0,0,0,0
2011-08-30,29186.04,40,23,10215
2011-08-31,23655.66,43,37,12386
2011-09-01,36704.93,75,68,27696
2011-09-02,39959.13,73,57,18398
2011-09-03,0.0,0,0,0
2011-09-04,16328.26,50,45,10678
2011-09-05,36157.19,67,57,22656
2011-09-06,27759.48,62,52,14924
2011-09-07,31748.85,51,41,16366
2011-09-08,26490.05,75,62,17291
2011-09-09,29552.23,60,51,17328
2011-09-10,0.0,0,0,0
2011-09-11,34381.55,75,68,20602
2011-09-12,29275.86,67,61,16816
2011-09-13,54010.44,67,61,36491
2011-09-14,23268.01,68,58,14161
2011-09-15,73518.87,79,66,28695
2011-09-16,26925.06,49,43,14995
2011-09-17,0.0,0,0,0
2011-09-18,15463.11,27,25,8702
2011-09-19,45787.41,68,61,29166
2011-09-20,103283.33,69,53,42400
2011-09-21,45815.82,74,64,22277
2011-09-22,58300.28,109,92,32960
2011-09-23,38360.9,64,56,21638
2011-09-24,0.0,0,0,0
2011-09-25,30913.18,75,74,19409
2011-09-26,28410.06,65,61,15235
2011-09-27,34884.32,79,67,21127
2011-09-28,42190.9,84,72,25231
2011-09-29,45519.96,103,92,27293
2011-09-30,43021.69,73,60,22512
2011-10-01,0.0,0,0,0
2011-10-02,11383.16,35,32,7106
2011-10-03,59394.85,65,47,25136
2011-10-04,47376.73,81,65,25239
2011-10-05,74218.98,95,82,46049
2011-10-06,59034.68,120,98,33875
2011-10-07,43237.13,84,73,25917
2011-10-08,0.0,0,0,0
2011-10-09,12265.15,39,35,7284
2011-10-10,44288.21,97,82,24749
2011-10-11,51282.58,81,68,28088
2011-10-12,30629.76,85,70,17512
2011-10-13,35611.590000000004,76,67,18633
2011-10-14,31495.18,70,58,17099
2011-10-15,0.0,0,0,0
2011-10-16,21239.8,34,32,8253
2011-10-17,49166.75,87,75,31240
2011-10-18,44241.98,84,73,29134
2011-10-19,34869.69,83,69,19109
2011-10-20,60577.6,87,75,40793
2011-10-21,62877.34,64,56,24760
2011-10-22,0.0,0,0,0
2011-10-23,12086.68,41,39,6946
2011-10-24,39660.01,73,58,21532
2011-10-25,39817.0,75,64,26431
2011-10-26,35740.39,91,74,20479
2011-10-27,47389.93,102,89,32551
2011-10-28,39568.03,76,59,23906
2011-10-29,0.0,0,0,0
2011-10-30,33764.96,95,88,19837
2011-10-31,52478.6,69,60,21529
2011-11-01,28788.05,76,73,16531
2011-11-02,44768.840000000004,85,79,28411
2011-11-03,61430.3,102,86,32766
2011-11-04,61652.43,92,71,35086
2011-11-05,0.0,0,0,0
2011-11-06,41785.15,102,88,22825
2011-11-07,84101.14,92,80,31275
2011-11-08,54448.78,107,94,26282
2011-11-09,63637.81,118,100,36403
2011-11-10,68543.27,127,111,38043
2011-11-11,52270.91,101,86,28540
2011-11-12,0.0,0,0,0
2011-11-13,32056.82,87,75,20173
2011-11-14,110637.02,104,91,47004
2011-11-15,56754.48,106,92,29156
2011-11-16,62061.88,129,110,32877
2011-11-17,58499.26,135,124,31455
2011-11-18,49402.1,107,97,23320
2011-11-19,0.0,0,0,0
2011-11-20,32941.11,100,91,19066
2011-11-21,48474.91,99,84,25667
2011-11-22,61832.45,134,120,33641
2011-11-23,75394.25,128,106,39113
2011-11-24,46891.91,112,98,25524
2011-11-25,46890.35,83,69,18894
2011-11-26,0.0,0,0,0
2011-11-27,20251.04,57,51,10910
2011-11-28,53869.05,113,95,28867
2011-11-29,68018.51,135,109,30720
2011-11-30,56083.15,107,91,28323
2011-12-01,50445.85,121,111,26889
2011-12-02,55565.85,118,94,28451
2011-12-03,0.0,0,0,0
2011-12-04,24223.07,66,58,12279
2011-12-05,79997.73,126,105,43672
2011-12-06,54949.23,114,103,30273
2011-12-07,72701.1,104,92,41722
2011-12-08,77474.21,120,105,34859
2011-12-09,29624.19,43,34,12942
